{
  "mse_regular_nn": 0.007807440954562092,
  "mse_pinn": 7.403281831377554e-06,
  "variance": 0.04822964223294755,
  "grid_size": {
    "Nx": 100,
    "Nt": 100
  },
  "pred_alpha": 0.20097242295742035
}